{
	"system" : {
		"platform" : "linux64",
		"os_name" : "Fedora Core",
		"os_version" : ""
	},
	"error" : {
		"executable" : "quartus",
		"comment" : "not_applicable",
		"error_message" : "Segment Violation at 0x168",
		"source_file" : "unknown",
		"line" : "0",
		"stack_trace" : "\t0x7f258d1075e7: db_hdb + 0x1075e7 (_ZNK17HDB_INSTANCE_NAME16is_macrofunctionEv + 0x7)\n\t0x7f2547032301: prj_unbq + 0x32301 (_ZN16UNBQ_QUERY_MODEL20get_item_informationEP17HDB_INSTANCE_NAMER7QStringS3_R5QIcon + 0x45)\n\t0x7f25470379e4: prj_unbq + 0x379e4 (_ZN16UNBQ_QUERY_MODEL18insert_model_itemsEP17HDB_INSTANCE_NAMERKSsS3_b + 0xb0)\n\t0x7f2547039034: prj_unbq + 0x39034 (_ZN16UNBQ_QUERY_MODEL18model_to_hierarchyEb + 0x1ee)\n\t0x7f2547028596: prj_unbq + 0x28596 (_ZN18UNBQ_DIALOG_WIDGET29hierarchy_view_button_clickedEb + 0x64)\n\t0x7f254702ac3b: prj_unbq + 0x2ac3b (_ZN18UNBQ_DIALOG_WIDGET18qt_static_metacallEP7QObjectN11QMetaObject4CallEiPPv + 0x12f)\n\t0x7f25bc5be1f8: QtCore.so.4 + 0x1be1f8 (_ZN11QMetaObject8activateEP7QObjectPKS_iPPv + 0x488)\n\t0x7f257710c042: QtGui.so.4 + 0x90c042 (_ZN15QAbstractButton7clickedEb + 0x32)\n\t0x7f2576e0c03b: QtGui.so.4 + 0x60c03b\n\t0x7f2576e0d3c5: QtGui.so.4 + 0x60d3c5\n\t0x7f2576e0d61b: QtGui.so.4 + 0x60d61b (_ZN15QAbstractButton17mouseReleaseEventEP11QMouseEvent + 0x7b)\n\t0x7f2576a63361: QtGui.so.4 + 0x263361 (_ZN7QWidget5eventEP6QEvent + 0x451)\n\t0x7f2576e0c7ef: QtGui.so.4 + 0x60c7ef (_ZN15QAbstractButton5eventEP6QEvent + 0x3f)\n\t0x7f2576e21ada: QtGui.so.4 + 0x621ada (_ZN9QCheckBox5eventEP6QEvent + 0x2a)\n\t0x7f2576a04e4f: QtGui.so.4 + 0x204e4f (_ZN19QApplicationPrivate13notify_helperEP7QObjectP6QEvent + 0xaf)\n\t0x7f2576a0b6d3: QtGui.so.4 + 0x20b6d3 (_ZN12QApplication6notifyEP7QObjectP6QEvent + 0x3b3)\n\t0x7f25bc5a65b4: QtCore.so.4 + 0x1a65b4 (_ZN16QCoreApplication14notifyInternalEP7QObjectP6QEvent + 0x84)\n\t0x7f2576a080c5: QtGui.so.4 + 0x2080c5 (_ZN19QApplicationPrivate14sendMouseEventEP7QWidgetP11QMouseEventS1_S1_PS1_R8QPointerIS0_Eb + 0x135)\n\t0x7f2576a8bc89: QtGui.so.4 + 0x28bc89\n\t0x7f2576a8a993: QtGui.so.4 + 0x28a993 (_ZN12QApplication15x11ProcessEventEP7_XEvent + 0xe03)\n\t0x7f2576ab5d32: QtGui.so.4 + 0x2b5d32\n\t0x7f25e16e4e5c: glib-2.0.so.0 + 0x5be5c\n\t0x7f25e173ff68: glib-2.0.so.0 + 0xb6f68\n\t0x7f25e16e2ad3: glib-2.0.so.0 + 0x59ad3 (g_main_context_iteration + 0x33)\n\t0x7f25bc5d9505: QtCore.so.4 + 0x1d9505 (_ZN20QEventDispatcherGlib13processEventsE6QFlagsIN10QEventLoop17ProcessEventsFlagEE + 0x65)\n\t0x7f2576ab587f: QtGui.so.4 + 0x2b587f\n\t0x7f25bc5a55c5: QtCore.so.4 + 0x1a55c5 (_ZN10QEventLoop13processEventsE6QFlagsINS_17ProcessEventsFlagEE + 0x35)\n\t0x7f25bc5a5998: QtCore.so.4 + 0x1a5998 (_ZN10QEventLoop4execE6QFlagsINS_17ProcessEventsFlagEE + 0x128)\n\t0x7f25bc5aa7c4: QtCore.so.4 + 0x1aa7c4 (_ZN16QCoreApplication4execEv + 0xb4)\n\t   0x401ea8: quartus + 0x1ea8 (_Z8qgq_mainiPPKc + 0x68)\n\t0x7f2582e40720: ccl_msg + 0x40720 (_Z15msg_main_threadPv + 0x10)\n\t0x7f257ba0602c: ccl_thr + 0x602c (thr_final_wrapper + 0xc)\n\t0x7f2582e407df: ccl_msg + 0x407df (_Z18msg_thread_wrapperPFPvS_ES_ + 0x62)\n\t0x7f257cc0a559: ccl_mem + 0xa559 (_Z18mem_thread_wrapperPFPvS_ES_ + 0x99)\n\t0x7f257c608f92: ccl_err + 0x8f92 (_Z18err_thread_wrapperPFPvS_ES_ + 0x27)\n\t0x7f257ba063f2: ccl_thr + 0x63f2 (thr_thread_wrapper + 0x15)\n\t0x7f2582e427e2: ccl_msg + 0x427e2 (_Z12msg_exe_mainiPPKcPFiiS1_E + 0xa3)\n\t   0x401f7a: quartus + 0x1f7a (main + 0x26)\n\t0x7f25e124614a: c.so.6 + 0x2814a (__libc_start_call_main + 0x7a)\n\t0x7f25e124620b: c.so.6 + 0x2820b (__libc_start_main + 0x8b)\n\t   0x401d59: quartus + 0x1d59\n",
		"subsystem" : "unknown"
	},
	"quartus" : {
		"quartus_bits" : "64",
		"version" : "17.1.0",
		"build" : "590",
		"edition" : "Lite Edition"
	}
}